"card_pt","audio_file"
"a alcunha","a-alcunha.mp3"
"Vossa Excelência (V. Exa.)","vossa-excelencia.mp3"
"o engenheiro","o-engenheiro.mp3"
"a engenheira","a-engenheira.mp3"
"tirar um documento","tirar-um-documento.mp3"
"renovar um documento","renovar-um-documento.mp3"
"a data de emissão","a-data-de-emissao.mp3"
"a data de validade","a-data-de-validade.mp3"
"o cartão de contribuinte","o-cartao-de-contribuinte.mp3"
"o número de contribuinte","o-numero-de-contribuinte.mp3"
"viver no centro","viver-no-centro.mp3"
"viver nos subúrbios","viver-nos-suburbios.mp3"
"a vivenda","a-vivenda.mp3"
"o anexo","o-anexo.mp3"
"o prédio","o-predio.mp3"
"a extensão","a-extensao.mp3"
"ser de origem africana","ser-de-origem-africana.mp3"
"ser de origem oriental","ser-de-origem-oriental.mp3"
"o recém-nascido","o-recem-nascido.mp3"
"a recém-nascida","a-recem-nascida.mp3"
"o puto","o-puto.mp3"
"o adolescente","o-adolescente.mp3"
"a adolescente","a-adolescente.mp3"
"o velhote","o-velhote.mp3"
"a velhota","a-velhota.mp3"
"a meia-idade","a-meia-idade.mp3"
"as damas","as-damas.mp3"
"os cavalheiros","os-cavalheiros.mp3"
"o macho","o-macho.mp3"
"a fêmea","a-femea.mp3"
"a lésbica","a-lesbica.mp3"
"o casamento religioso","o-casamento-religioso.mp3"
"o casamento pelo civil","o-casamento-pelo-civil.mp3"
"o casamento pela igreja","o-casamento-pela-igreja.mp3"
"o divórcio","o-divorcio.mp3"
"a separação de facto","a-separacao-de-facto.mp3"
"o casamento entre pessoas do mesmo sexo","o-casamento-entre-pessoas-do-mesmo-sexo.mp3"
"a união de facto","a-uniao-de-facto.mp3"
"o ensino pré-escolar","o-ensino-pre-escolar.mp3"
"a creche","a-creche.mp3"
"o infantário","o-infantario.mp3"
"o colégio público","o-colegio-publico.mp3"
"o colégio privado","o-colegio-privado.mp3"
"a universidade pública","a-universidade-publica.mp3"
"a universidade privada","a-universidade-privada.mp3"
"o pós-doutoramento","o-pos-doutoramento.mp3"
"o certificado","o-certificado.mp3"
"o diploma","o-diploma.mp3"
"a bolsa de estudos","a-bolsa-de-estudos.mp3"
"a bolsa de investigação","a-bolsa-de-investigacao.mp3"
"o programa de intercâmbio","o-programa-de-intercambio.mp3"
"o falante nativo","o-falante-nativo.mp3"
"a falante nativa","a-falante-nativa.mp3"
"a competência nativa","a-competencia-nativa.mp3"
"a prova de acesso","a-prova-de-acesso.mp3"
"a prova de ingresso","a-prova-de-ingresso.mp3"
"o curso semestral","o-curso-semestral.mp3"
"o curso anual","o-curso-anual.mp3"
"a disciplina semestral","a-disciplina-semestral.mp3"
"a disciplina anual","a-disciplina-anual.mp3"
"a ocupação","a-ocupacao.mp3"
"o emprego","o-emprego.mp3"
"o empregado","o-empregado.mp3"
"a empregada","a-empregada.mp3"
"o trabalhador","o-trabalhador.mp3"
"a trabalhadora","a-trabalhadora.mp3"
"o funcionário","o-funcionario.mp3"
"a funcionária","a-funcionaria.mp3"
"a profissão liberal","a-profissao-liberal.mp3"
"o patrão","o-patrao.mp3"
"a patroa","a-patroa.mp3"
"o chefe","o-chefe.mp3"
"a chefe","a-chefe.mp3"
"o gerente","o-gerente.mp3"
"a gerente","a-gerente.mp3"
"o desemprego","o-desemprego.mp3"
"desempregado, desempregada","desempregado-desempregada.mp3"
"o ordenado","o-ordenado.mp3"
"o salário","o-salario.mp3"
"receber","receber.mp3"
"ganhar","ganhar.mp3"
"descontar","descontar.mp3"
"o aumento de salário","o-aumento-de-salario.mp3"
"o corte de salário","o-corte-de-salario.mp3"
"trabalhar para uma empresa de","trabalhar-para-uma-empresa-de.mp3"
"o departamento de recursos humanos","o-departamento-de-recursos-humanos.mp3"
"o departamento de contabilidade","o-departamento-de-contabilidade.mp3"
"fazer greve","fazer-greve.mp3"
"o orçamento","o-orcamento.mp3"
"o relatório","o-relatorio.mp3"
"a apresentação","a-apresentacao.mp3"
"o projeto","o-projeto.mp3"
"o scanner","o-scanner.mp3"
"digitalizar","digitalizar.mp3"
"a função pública","a-funcao-publica.mp3"
"gozar férias","gozar-ferias.mp3"
"a oferta e a procura","a-oferta-e-a-procura.mp3"
"o currículo","o-curriculo.mp3"
"a carta de apresentação","a-carta-de-apresentacao.mp3"
"ter formação em","ter-formacao-em.mp3"
"ter experiência em","ter-experiencia-em.mp3"
"procurar trabalho","procurar-trabalho.mp3"
"ter uma entrevista de trabalho","ter-uma-entrevista-de-trabalho.mp3"
"assinar contrato","assinar-contrato.mp3"
"despedir-se","despedir-se.mp3"
"o horário flexível","o-horario-flexivel.mp3"
"o horário reduzido","o-horario-reduzido.mp3"
"reformar-se","reformar-se.mp3"
"pedir a reforma","pedir-a-reforma.mp3"
"o primo segundo","o-primo-segundo.mp3"
"a prima segunda","a-prima-segunda.mp3"
"o primo afastado","o-primo-afastado.mp3"
"a prima afastada","a-prima-afastada.mp3"
"o padrasto","o-padrasto.mp3"
"a madrasta","a-madrasta.mp3"
"o enteado","o-enteado.mp3"
"a enteada","a-enteada.mp3"
"o padrinho","o-padrinho.mp3"
"a madrinha","a-madrinha.mp3"
"o afilhado","o-afilhado.mp3"
"a afilhada","a-afilhada.mp3"
"o pai solteiro","o-pai-solteiro.mp3"
"a mãe solteira","a-mae-solteira.mp3"
"a cerimónia religiosa","a-cerimonia-religiosa.mp3"
"a missa","a-missa.mp3"
"a bênção","a-bencao.mp3"
"a circuncisão","a-circuncisao.mp3"
"a confissão","a-confissao.mp3"
"o batismo","o-batismo.mp3"
"a oração","a-oracao.mp3"
"o texto sagrado","o-texto-sagrado.mp3"
"a Bíblia","a-biblia.mp3"
"o Alcorão","o-alcorao.mp3"
"o crente","o-crente.mp3"
"a crente","a-crente.mp3"
"praticante","praticante.mp3"
"não praticante","nao-praticante.mp3"
"a fé","a-fe.mp3"
"parecer-se a","parecer-se-a.mp3"
"ter a pele branca","ter-a-pele-branca.mp3"
"ter a pele morena","ter-a-pele-morena.mp3"
"ter a pele suave","ter-a-pele-suave.mp3"
"ter a pele sensível","ter-a-pele-sensivel.mp3"
"ter pouco cabelo","ter-pouco-cabelo.mp3"
"ter muito cabelo","ter-muito-cabelo.mp3"
"giro, gira","giro-gira.mp3"
"bem-parecido, bem-parecida","bem-parecido-bem-parecida.mp3"
"elegante","elegante.mp3"
"engraçado, engraçada","engracado-engracada.mp3"
"ser forte","ser-forte.mp3"
"ser fraco, ser fraca","ser-fraco-ser-fraca.mp3"
"ter bom aspeto","ter-bom-aspeto.mp3"
"ter mau aspeto","ter-mau-aspeto.mp3"
"maquilhar-se","maquilhar-se.mp3"
"pintar os olhos","pintar-os-olhos.mp3"
"pintar os lábios","pintar-os-labios.mp3"
"carinhoso, carinhosa","carinhoso-carinhosa.mp3"
"curioso, curiosa","curioso-curiosa.mp3"
"dinâmico, dinâmica","dinamico-dinamica.mp3"
"eficiente","eficiente.mp3"
"divertido, divertida","divertido-divertida.mp3"
"esquisito, esquisita","esquisito-esquisita.mp3"
"trabalhador, trabalhadora","trabalhador-trabalhadora.mp3"
"sincero, sincera","sincero-sincera.mp3"
"preguiçoso, preguiçosa","preguicoso-preguicosa.mp3"
"sério, séria","serio-seria.mp3"
"arrogante","arrogante.mp3"
"impaciente","impaciente.mp3"
"ter bom feitio","ter-bom-feitio.mp3"
"ter mau feitio","ter-mau-feitio.mp3"
"ter sentido de humor","ter-sentido-de-humor.mp3"
